Name, Date, Time

DARSHAN URS,05-Jan-2024,06:05 PM

VIRAT KOHLI,05-Jan-2024,06:05 PM

ROHIT SHARMA,05-Jan-2024,06:05 PM

ELON MUSK,05-Jan-2024,06:05 PM

MESSI,05-Jan-2024,06:06 PM

DARSHAN URS,06-Jan-2024,11:25 AM

ROHIT SHARMA,06-Jan-2024,11:25 AM

ELON MUSK,06-Jan-2024,11:25 AM

MESSI,06-Jan-2024,11:26 AM

DARSHAN URS,10-Jan-2024,11:27 AM

VIRAT KOHLI,10-Jan-2024,11:27 AM

ROHIT SHARMA,10-Jan-2024,11:28 AM

DARSHAN URS,06-Jan-2024,04:08 PM

DARSHAN URS,08-Jan-2024,09:41 AM

DARSHAN URS,08-Jan-2024,09:59 AM

DARSHAN URS,08-Jan-2024,10:00 AM

DARSHAN URS,09-Jan-2024,04:31 PM

MESSI,09-Jan-2024,04:32 PM

ELON MUSK,09-Jan-2024,04:33 PM

ROHIT SHARMA,09-Jan-2024,04:33 PM

VIRAT KOHLI,09-Jan-2024,04:33 PM

DARSHAN URS,22-Jan-2024,05:12 PM

VIRAT KOHLI,22-Jan-2024,05:13 PM

ROHIT SHARMA,22-Jan-2024,05:13 PM
